random-id-39954328-c1dd-4424-b087-ce4dcb2a1f4e.png,0.125
random-id-a92a421c-2ffb-40ed-ab7b-9025d8549cf2.png,0.125
random-id-2d0a7070-9bb2-456a-8281-7c3770c3d33a.png,0.125
random-id-9af3e10a-fc02-49e5-9b48-57f9398b11be.png,0.125
random-id-b242ba68-574b-4e7d-a88f-6a85c39f2842.png,0.139
random-id-bd6e01be-6028-40e3-8ee3-75cb79c7491b.png,0.125
random-id-10895ee8-59b1-4bf5-b492-e167804e9018.png,0.125
random-id-50e2de3e-a194-4b52-a1bb-eb281c9c17f4.png,0.125
random-id-25f44003-1144-4b93-9649-4590848fdda2.png,0.125
random-id-e039f247-a3cc-4621-a71d-26d0cbad0b91.png,0.125
random-id-190e034d-d452-41ae-a5d1-640637b87c0b.png,0.125
random-id-ab661bee-ae7c-4e9a-a844-62a30ba527d5.png,0.125
random-id-f0cde291-fb6a-46fc-88d7-832959aaaa28.png,0.125
random-id-30af4a6d-39f4-48a5-8742-926ba7c88af5.png,0.125
random-id-74644e6b-b6f7-41d7-b595-5ed435b756fa.png,0.139
random-id-8fa83c26-62fc-4b88-89c1-35d710cb3e9d.png,0.125
random-id-167357e2-1d5d-486e-b1dc-fe6b75a8bd2a.png,0.125
random-id-2ddcbb5b-4a4c-4551-a1ec-e9b377597190.png,0.125
random-id-d1a45ee1-2adc-4c71-8394-2d3c8e9903e5.png,0.125
random-id-19384458-c5f1-4e71-8416-bc46851ca264.png,0.125
random-id-3ef3a484-b644-4121-b41d-5558f5853d35.png,0.125
random-id-466055bf-5472-4531-bdd2-a2bba3299432.png,0.125
random-id-a63c3617-7041-4934-9af0-baf398f50949.png,0.139
random-id-2e1ca2d5-e25e-4ff6-b464-37ce94c54011.png,0.139
random-id-1793c6d1-c174-452a-bac5-54d31bfe2111.png,0.125
random-id-a5053410-8597-46da-8577-88f9d60c9d52.png,0.125
random-id-a579e3e1-53c2-4314-967d-5446ea5f7000.png,0.125
random-id-e8315513-bdb8-4e3f-a69a-0fe3a7356b88.png,0.125
random-id-c04232dc-a921-44f6-bb62-1e80fc606469.png,0.139
random-id-175076bd-5816-4ddc-9da4-21ac44d4f190.png,0.125
random-id-667b4c23-e51d-4434-82f7-d5c18632cd00.png,0.125
random-id-634846c3-1312-41e5-926c-a13370598db3.png,0.125
random-id-57edbb83-e09b-4128-8c9f-d1f5c4a8809d.png,0.125
random-id-b3588d24-2e07-4cdb-acbe-afd7308ac5ef.png,0.125
random-id-81282024-9e80-46dd-88c9-cb3f70dd932e.png,0.125
random-id-4105b4c8-d9cc-4b9d-8ee4-eeaef7d8fd00.png,0.125
random-id-b1b36317-b13f-4b74-adc8-412fe96ed790.png,0.139
random-id-0d5e087d-6068-41a2-9a3b-6187ff7b95eb.png,0.139
random-id-5e57c2da-5bea-462d-9721-b21f858d28e1.png,0.125
random-id-a74b8f5f-457b-4860-9b0a-4950315f97c6.png,0.139
random-id-b74b7637-0def-401a-a812-e15c7a59b10d.png,0.125
random-id-79743cfb-31c4-49cb-973f-a023f508a139.png,0.125
random-id-64d8c502-9802-4caa-964a-940dfbde0e60.png,0.125
random-id-2a77b9e7-d14e-434e-8708-e96dfc19c055.png,0.125
random-id-6775a727-4e3f-498e-852f-611fa1fae00b.png,0.125
random-id-a2a7b6bf-2409-4e39-a085-0f371d290d3a.png,0.125
random-id-984ca3ae-a618-431a-827b-db89d3b96ad4.png,0.139
random-id-16f94d3d-5377-4929-b3ee-3aea0545c8e1.png,0.125
random-id-a7fe1cc7-aaa1-4a8d-baac-1b57554635da.png,0.125
random-id-ead2ecbd-8af6-447c-8e36-07888bfa826f.png,0.125
random-id-18a91bfd-a667-4f55-95cd-5793faccc8a8.png,0.125
random-id-349d8f6e-797f-4d08-9007-435fe607a9aa.png,0.125
random-id-498843e5-6936-4163-84ba-9dcad37b5bd3.png,0.139
random-id-45f59036-96c0-44b8-bd50-fee36a7cec45.png,0.125
random-id-257f308a-d104-49b9-bb50-9416c73c76c3.png,0.125
random-id-e0d91ccb-9cf0-4c62-bb29-367ff1c267fd.png,0.125
random-id-2cea0db8-ced1-4ca5-a851-fd1d07c3cdd4.png,0.125
random-id-5c8c1786-0f60-48b1-8824-50d5dab05cfb.png,0.125
random-id-f5cf3111-56b1-4044-aa08-cfc82809d46d.png,0.125
random-id-d4f67464-8abc-42d9-927d-3596609d18d2.png,0.125
random-id-8c867ec0-9a75-4c6a-9b5c-e29f95943bef.png,0.125
random-id-02691bd6-ce70-43f1-a8bf-c11764e1c3ff.png,0.125
random-id-8f701f8e-0d89-47a0-a36c-3edcb5aed372.png,0.125
random-id-0a043859-585d-4296-9cee-cf29c8c6fe9d.png,0.125
random-id-54de4991-425a-4d60-a842-7d6dee2625fc.png,0.125
random-id-fb8487c3-1659-4264-8c5c-95df7ad26126.png,0.125
random-id-bde544bb-239f-46d0-984a-d6bbe4094b87.png,0.125
random-id-55ce9509-b8dc-4b31-b371-cc24b328ba9a.png,0.125
random-id-7205f97e-8f97-4c3b-8d36-7643d57dcf6f.png,0.125
random-id-1c8474cf-fd35-4329-b4a6-1dd9f21dca55.png,0.125
random-id-b9731ecc-3677-41a3-8e39-b3dfa781b8e9.png,0.125
random-id-76117045-5e82-40ca-9ef0-e7a93d709ddb.png,0.125
random-id-b00921d5-b3c2-402a-9e27-974f1a5e7b92.png,0.125
random-id-411dd067-eef7-4a81-bc54-e051378208b0.png,0.125
random-id-55ea473c-a008-4ed4-94d0-816429715e68.png,0.125
random-id-c3663fc2-5580-49d2-8f3a-f5ff3e37f5b0.png,0.125
random-id-0260d18e-7352-40ba-b4b8-4337ba0c9fa7.png,0.139
random-id-63eab63c-7aa5-4a01-9694-4768a1c9113b.png,0.125
random-id-fc7d30b7-85ba-44ae-aa3d-3e2c701eaab8.png,0.125
random-id-f3a9f64e-3037-4a59-98e7-011742b1cba4.png,0.125
random-id-cca9159e-a64c-41c0-aead-395bc537e62a.png,0.125
random-id-80db69ac-2fb2-439f-9afa-644e3600d377.png,0.125
random-id-b1077eb9-10b5-4886-899d-06605e144d91.png,0.125
random-id-373d99bc-3b17-4f8c-8c68-26384fe3d694.png,0.139
random-id-7b1d28a8-77db-4724-ad0a-274c593c1e27.png,0.125
random-id-1e6f31a9-8946-47eb-ab84-237d24120862.png,0.125
random-id-56f928d2-6d6b-49dd-ae11-7617d16d88fa.png,0.125
random-id-0b091a55-2bd8-423a-8b75-5664527f3c52.png,0.125
random-id-5d5cc5ce-2fee-4086-b2ce-033fcc4466b0.png,0.125
random-id-e5038c50-35d4-4593-9a11-0f906cf86a74.png,0.125
random-id-8a68b722-7e20-440f-acc7-361010a86800.png,0.125
random-id-4358e263-00f3-40cd-ab22-30b8ab1df673.png,0.125
random-id-6620350c-1639-4b2c-9063-c5682f296bcc.png,0.125
random-id-d35a80f5-2334-4945-9132-bdfbc61dd14d.png,0.139
random-id-e36f436f-2870-40e7-bef0-9d99f60c3249.png,0.125
random-id-b70bb9fb-e59b-4de7-b40d-8cd68cd71612.png,0.125
random-id-70154d1e-d8cb-4321-a71c-589c4f76ec16.png,0.125
random-id-f9a0a64d-1819-435d-a029-dbe749c163b3.png,0.125
random-id-8ee672b9-1073-4eb5-aa39-2501a85cf024.png,0.125
random-id-4d166066-56ef-4763-88e5-a1cad70e54f1.png,0.125
